{
    "servers": [
        {
            "guildid": "761198274190508093",
            "channelid": "1136317813468958721",
            "invite": "https://discord.gg/2Xm2WRDWE"
        },
        {
            "guildid": "801388044112363533",
            "channelid": "801388044820152384",
            "invite": "https://discord.gg/NAGnHZ9YeH"
        },
        {
            "guildid": "1132975064724275330",
            "channelid": "1140910340872355850",
            "invite": "https://discord.gg/msyHp5dmfR"
        },
        {
            "guildid": "758256000041746452",
            "channelid": "1141564017199038534",
            "invite": "https://discord.gg/PpdfpMYPxr"
        },
        {
            "guildid": "919769905895718962",
            "channelid": "1147447271043113082",
            "invite": "https://discord.gg/2Nkb4F2AtG"
        }
    ]
}